{
  "METHANE": {
    "name": "Methane",
    "MW": 16.043,
    "Tc": 190.564,
    "Pc": 4599200.0,
    "omega": 0.0115,
    "Cp1": 19795.0, "Cp2": 60052.0, "Cp3": 1022.7, "Cp4": 35653.0, "Cp5": 479.83,
    "Antoine_A": 6.61184, "Antoine_B": 389.93, "Antoine_C": -7.53
  },
  "ETHANE": {
    "name": "Ethane",
    "MW": 30.070,
    "Tc": 305.32,
    "Pc": 4872000.0,
    "omega": 0.0995,
    "Cp1": 40326.0, "Cp2": 134220.0, "Cp3": 1655.5, "Cp4": 73223.0, "Cp5": 752.87,
    "Antoine_A": 6.80896, "Antoine_B": 663.72, "Antoine_C": -16.469
  },
  "PROPANE": {
    "name": "Propane",
    "MW": 44.097,
    "Tc": 369.83,
    "Pc": 4248000.0,
    "omega": 0.1523,
    "Cp1": 51920.0, "Cp2": 192450.0, "Cp3": 1626.5, "Cp4": 116800.0, "Cp5": 723.6,
    "Antoine_A": 6.82973, "Antoine_B": 813.20, "Antoine_C": -26.680
  },
  "N-BUTANE": {
    "name": "n-Butane",
    "MW": 58.123,
    "Tc": 425.12,
    "Pc": 3796000.0,
    "omega": 0.2002,
    "Cp1": 67140.0, "Cp2": 236890.0, "Cp3": 1616.7, "Cp4": 147780.0, "Cp5": 740.8,
    "Antoine_A": 6.82485, "Antoine_B": 943.453, "Antoine_C": -39.734
  },
  "N-PENTANE": {
    "name": "n-Pentane",
    "MW": 72.150,
    "Tc": 469.70,
    "Pc": 3370000.0,
    "omega": 0.2515,
    "Cp1": 88050.0, "Cp2": 301100.0, "Cp3": 1668.5, "Cp4": 189200.0, "Cp5": 761.6,
    "Antoine_A": 6.85221, "Antoine_B": 1064.63, "Antoine_C": -41.768
  },
  "CO2": {
    "name": "Carbon Dioxide",
    "MW": 44.010,
    "Tc": 304.21,
    "Pc": 7383000.0,
    "omega": 0.2239,
    "Cp1": 29370.0, "Cp2": 34540.0, "Cp3": 1428.0, "Cp4": 26400.0, "Cp5": 588.0,
    "Antoine_A": 6.81228, "Antoine_B": 1301.679, "Antoine_C": -3.494
  },
  "WATER": {
    "name": "Water",
    "MW": 18.015,
    "Tc": 647.096,
    "Pc": 22064000.0,
    "omega": 0.3449,
    "Cp1": 33363.0, "Cp2": 26790.0, "Cp3": 2610.5, "Cp4": 8896.0, "Cp5": 1169.0,
    "Antoine_A": 8.07131, "Antoine_B": 1730.63, "Antoine_C": -39.724
  },
  "TOLUENE": {
    "name": "Toluene",
    "MW": 92.140,
    "Tc": 591.75,
    "Pc": 4108000.0,
    "omega": 0.2641,
    "Cp1": 58140.0, "Cp2": 286200.0, "Cp3": 1440.6, "Cp4": 189800.0, "Cp5": 650.43,
    "Antoine_A": 6.95087, "Antoine_B": 1342.31, "Antoine_C": -53.963
  },
  "BENZENE": {
    "name": "Benzene",
    "MW": 78.112,
    "Tc": 562.05,
    "Pc": 4895000.0,
    "omega": 0.2103,
    "Cp1": 44920.0, "Cp2": 211400.0, "Cp3": 1479.8, "Cp4": 138700.0, "Cp5": 655.8,
    "Antoine_A": 6.89272, "Antoine_B": 1203.531, "Antoine_C": -53.039
  }
}
